[
    {
        "Group.1": 2018,
        "Group.2": "KADIAN",
        "Number of Prescriptions": 0,
        "Total Amount Reimbursed": 0,
        "Drug Name": "KADIAN",
        "Date": "2018-02-21"
    },
    {
        "Group.1": 2014,
        "Group.2": "KADIAN",
        "Number of Prescriptions": 6242,
        "Total Amount Reimbursed": 4.0727,
        "Drug Name": "KADIAN",
        "Date": "2014-02-21"
    },
    {
        "Group.1": 2015,
        "Group.2": "KADIAN",
        "Number of Prescriptions": 6459,
        "Total Amount Reimbursed": 4.8533,
        "Drug Name": "KADIAN",
        "Date": "2015-02-21"
    },
    {
        "Group.1": 2013,
        "Group.2": "KADIAN",
        "Number of Prescriptions": 9505,
        "Total Amount Reimbursed": 4.993,
        "Drug Name": "KADIAN",
        "Date": "2013-02-21"
    },
    {
        "Group.1": 2012,
        "Group.2": "KADIAN",
        "Number of Prescriptions": 13354,
        "Total Amount Reimbursed": 6.866,
        "Drug Name": "KADIAN",
        "Date": "2012-02-21"
    },
    {
        "Group.1": 2017,
        "Group.2": "KADIAN",
        "Number of Prescriptions": 14412,
        "Total Amount Reimbursed": 10.5489,
        "Drug Name": "KADIAN",
        "Date": "2017-02-21"
    },
    {
        "Group.1": 2010,
        "Group.2": "KADIAN",
        "Number of Prescriptions": 14543,
        "Total Amount Reimbursed": 6.3669,
        "Drug Name": "KADIAN",
        "Date": "2010-02-21"
    },
    {
        "Group.1": 2011,
        "Group.2": "KADIAN",
        "Number of Prescriptions": 15825,
        "Total Amount Reimbursed": 7.858,
        "Drug Name": "KADIAN",
        "Date": "2011-02-21"
    },
    {
        "Group.1": 2009,
        "Group.2": "KADIAN",
        "Number of Prescriptions": 20336,
        "Total Amount Reimbursed": 8.1035,
        "Drug Name": "KADIAN",
        "Date": "2009-02-21"
    },
    {
        "Group.1": 2016,
        "Group.2": "KADIAN",
        "Number of Prescriptions": 20738,
        "Total Amount Reimbursed": 14.1625,
        "Drug Name": "KADIAN",
        "Date": "2016-02-21"
    },
    {
        "Group.1": 2008,
        "Group.2": "KADIAN",
        "Number of Prescriptions": 21713,
        "Total Amount Reimbursed": 6.9044,
        "Drug Name": "KADIAN",
        "Date": "2008-02-21"
    },
    {
        "Group.1": 2008,
        "Group.2": "FENTANYL",
        "Number of Prescriptions": 52304,
        "Total Amount Reimbursed": 11.1821,
        "Drug Name": "FENTANYL",
        "Date": "2008-02-21"
    },
    {
        "Group.1": 2009,
        "Group.2": "FENTANYL",
        "Number of Prescriptions": 53185,
        "Total Amount Reimbursed": 12.1598,
        "Drug Name": "FENTANYL",
        "Date": "2009-02-21"
    },
    {
        "Group.1": 2018,
        "Group.2": "FENTANYL",
        "Number of Prescriptions": 55122,
        "Total Amount Reimbursed": 3.893,
        "Drug Name": "FENTANYL",
        "Date": "2018-02-21"
    },
    {
        "Group.1": 2010,
        "Group.2": "FENTANYL",
        "Number of Prescriptions": 84825,
        "Total Amount Reimbursed": 18.1841,
        "Drug Name": "FENTANYL",
        "Date": "2010-02-21"
    },
    {
        "Group.1": 2011,
        "Group.2": "FENTANYL",
        "Number of Prescriptions": 91718,
        "Total Amount Reimbursed": 17.2763,
        "Drug Name": "FENTANYL",
        "Date": "2011-02-21"
    },
    {
        "Group.1": 2012,
        "Group.2": "FENTANYL",
        "Number of Prescriptions": 97343,
        "Total Amount Reimbursed": 16.2358,
        "Drug Name": "FENTANYL",
        "Date": "2012-02-21"
    },
    {
        "Group.1": 2017,
        "Group.2": "FENTANYL",
        "Number of Prescriptions": 112849,
        "Total Amount Reimbursed": 9.8366,
        "Drug Name": "FENTANYL",
        "Date": "2017-02-21"
    },
    {
        "Group.1": 2013,
        "Group.2": "FENTANYL",
        "Number of Prescriptions": 124991,
        "Total Amount Reimbursed": 17.7928,
        "Drug Name": "FENTANYL",
        "Date": "2013-02-21"
    },
    {
        "Group.1": 2014,
        "Group.2": "FENTANYL",
        "Number of Prescriptions": 126536,
        "Total Amount Reimbursed": 15.0189,
        "Drug Name": "FENTANYL",
        "Date": "2014-02-21"
    },
    {
        "Group.1": 2015,
        "Group.2": "FENTANYL",
        "Number of Prescriptions": 139995,
        "Total Amount Reimbursed": 14.5662,
        "Drug Name": "FENTANYL",
        "Date": "2015-02-21"
    },
    {
        "Group.1": 2016,
        "Group.2": "FENTANYL",
        "Number of Prescriptions": 152600,
        "Total Amount Reimbursed": 14.7176,
        "Drug Name": "FENTANYL",
        "Date": "2016-02-21"
    },
    {
        "Group.1": 2018,
        "Group.2": "OXYCONTIN",
        "Number of Prescriptions": 164215,
        "Total Amount Reimbursed": 82.8719,
        "Drug Name": "OXYCONTIN",
        "Date": "2018-02-21"
    },
    {
        "Group.1": 2017,
        "Group.2": "OXYCONTIN",
        "Number of Prescriptions": 416419,
        "Total Amount Reimbursed": 210.3854,
        "Drug Name": "OXYCONTIN",
        "Date": "2017-02-21"
    },
    {
        "Group.1": 2016,
        "Group.2": "OXYCONTIN",
        "Number of Prescriptions": 521238,
        "Total Amount Reimbursed": 277.1907,
        "Drug Name": "OXYCONTIN",
        "Date": "2016-02-21"
    },
    {
        "Group.1": 2015,
        "Group.2": "OXYCONTIN",
        "Number of Prescriptions": 617790,
        "Total Amount Reimbursed": 322.3405,
        "Drug Name": "OXYCONTIN",
        "Date": "2015-02-21"
    },
    {
        "Group.1": 2008,
        "Group.2": "OXYCONTIN",
        "Number of Prescriptions": 629689,
        "Total Amount Reimbursed": 303.5192,
        "Drug Name": "OXYCONTIN",
        "Date": "2008-02-21"
    },
    {
        "Group.1": 2014,
        "Group.2": "OXYCONTIN",
        "Number of Prescriptions": 638337,
        "Total Amount Reimbursed": 324.7275,
        "Drug Name": "OXYCONTIN",
        "Date": "2014-02-21"
    },
    {
        "Group.1": 2013,
        "Group.2": "OXYCONTIN",
        "Number of Prescriptions": 650827,
        "Total Amount Reimbursed": 336.7807,
        "Drug Name": "OXYCONTIN",
        "Date": "2013-02-21"
    },
    {
        "Group.1": 2012,
        "Group.2": "OXYCONTIN",
        "Number of Prescriptions": 691258,
        "Total Amount Reimbursed": 366.0478,
        "Drug Name": "OXYCONTIN",
        "Date": "2012-02-21"
    },
    {
        "Group.1": 2009,
        "Group.2": "OXYCONTIN",
        "Number of Prescriptions": 710607,
        "Total Amount Reimbursed": 366.6166,
        "Drug Name": "OXYCONTIN",
        "Date": "2009-02-21"
    },
    {
        "Group.1": 2011,
        "Group.2": "OXYCONTIN",
        "Number of Prescriptions": 774233,
        "Total Amount Reimbursed": 401.7007,
        "Drug Name": "OXYCONTIN",
        "Date": "2011-02-21"
    },
    {
        "Group.1": 2010,
        "Group.2": "OXYCONTIN",
        "Number of Prescriptions": 959241,
        "Total Amount Reimbursed": 516.457,
        "Drug Name": "OXYCONTIN",
        "Date": "2010-02-21"
    },
    {
        "Group.1": 2008,
        "Group.2": "OXYCODONE",
        "Number of Prescriptions": 2042922,
        "Total Amount Reimbursed": 143.6027,
        "Drug Name": "OXYCODONE",
        "Date": "2008-02-21"
    },
    {
        "Group.1": 2009,
        "Group.2": "OXYCODONE",
        "Number of Prescriptions": 2090840,
        "Total Amount Reimbursed": 142.8341,
        "Drug Name": "OXYCODONE",
        "Date": "2009-02-21"
    },
    {
        "Group.1": 2018,
        "Group.2": "OXYCODONE",
        "Number of Prescriptions": 3007847,
        "Total Amount Reimbursed": 72.0948,
        "Drug Name": "OXYCODONE",
        "Date": "2018-02-21"
    },
    {
        "Group.1": 2010,
        "Group.2": "OXYCODONE",
        "Number of Prescriptions": 3870509,
        "Total Amount Reimbursed": 216.9222,
        "Drug Name": "OXYCODONE",
        "Date": "2010-02-21"
    },
    {
        "Group.1": 2011,
        "Group.2": "OXYCODONE",
        "Number of Prescriptions": 5469854,
        "Total Amount Reimbursed": 236.2893,
        "Drug Name": "OXYCODONE",
        "Date": "2011-02-21"
    },
    {
        "Group.1": 2012,
        "Group.2": "OXYCODONE",
        "Number of Prescriptions": 6087288,
        "Total Amount Reimbursed": 222.9164,
        "Drug Name": "OXYCODONE",
        "Date": "2012-02-21"
    },
    {
        "Group.1": 2013,
        "Group.2": "OXYCODONE",
        "Number of Prescriptions": 6574310,
        "Total Amount Reimbursed": 221.7022,
        "Drug Name": "OXYCODONE",
        "Date": "2013-02-21"
    },
    {
        "Group.1": 2017,
        "Group.2": "OXYCODONE",
        "Number of Prescriptions": 8185810,
        "Total Amount Reimbursed": 256.8185,
        "Drug Name": "OXYCODONE",
        "Date": "2017-02-21"
    },
    {
        "Group.1": 2014,
        "Group.2": "OXYCODONE",
        "Number of Prescriptions": 8278385,
        "Total Amount Reimbursed": 358.4858,
        "Drug Name": "OXYCODONE",
        "Date": "2014-02-21"
    },
    {
        "Group.1": 2016,
        "Group.2": "OXYCODONE",
        "Number of Prescriptions": 9336717,
        "Total Amount Reimbursed": 345.1313,
        "Drug Name": "OXYCODONE",
        "Date": "2016-02-21"
    },
    {
        "Group.1": 2015,
        "Group.2": "OXYCODONE",
        "Number of Prescriptions": 9382541,
        "Total Amount Reimbursed": 380.7129,
        "Drug Name": "OXYCODONE",
        "Date": "2015-02-21"
    }
]